Date,Price,Open,High,Low,Vol.,Change %,change
03/26/2024,"29,057.50","31,013.88","29,532.31","28,997.13",211.16M,-0.98%,Negative
03/25/2024,"29,344.46","31,013.88","29,344.46","28,946.14",1.19M,0.98%,Positive
03/24/2024,"29,060.02","31,013.88","29,377.43","28,777.22",1.75M,0.02%,Positive
03/21/2024,"29,054.96","31,013.88","29,094.10","28,280.76",2.80M,1.63%,Positive
03/20/2024,"28,589.37","28,675.70","29,229.67","28,542.99",177.70M,-0.30%,Negative
03/19/2024,"28,675.70","29,091.29","29,091.29","28,167.52",206.62M,-1.43%,Negative
03/18/2024,"29,091.29","31,061.88","31,065.50","29,091.29",250.35M,-6.34%,Negative
03/17/2024,"31,061.88","31,316.43","31,781.24","31,061.88",260.29M,-0.81%,Negative
03/14/2024,"31,316.43","31,013.88","31,594.31","29,959.19",215.08M,0.98%,Positive
03/13/2024,"31,013.88","32,661.61","32,746.61","30,485.21",324.64M,-5.04%,Negative
03/12/2024,"32,661.61","33,382.51","33,382.51","31,979.55",249.44M,-2.16%,Negative
03/11/2024,"33,382.51","32,919.95","34,499.42","32,919.95",357.31M,1.41%,Positive
03/10/2024,"32,919.95","31,300.54","33,062.98","31,300.54",396.58M,5.17%,Positive
03/07/2024,"31,300.54","29,743.11","31,300.54","29,743.11",287.31M,5.24%,Positive
03/06/2024,"29,743.11","30,668.89","32,217.79","29,743.11",433.39M,-3.02%,Negative
03/05/2024,"30,668.89","30,542.33","31,162.75","30,142.07",371.97M,0.41%,Positive
03/04/2024,"30,542.33","29,058.33","30,643.95","29,058.33",364.84M,5.11%,Positive
03/03/2024,"29,058.33","28,964.41","29,398.57","28,564.79",198.12M,0.32%,Positive
02/29/2024,"28,964.41","28,876.46","29,195.67","28,358.83",233.53M,0.30%,Positive
02/28/2024,"28,876.46","29,205.16","29,792.91","28,876.46",288.02M,-1.13%,Negative
02/27/2024,"29,205.16","28,931.92","30,035.83","28,931.92",475.08M,0.94%,Positive
02/26/2024,"28,931.92","27,840.86","29,341.16","27,806.45",432.94M,3.92%,Positive
02/25/2024,"27,840.86","29,309.73","29,309.73","27,106.26",500.65M,-5.01%,Negative
02/22/2024,"29,309.73","29,292.05","29,475.80","29,211.75",227.96M,0.06%,Positive
02/21/2024,"29,292.05","29,330.66","29,497.60","29,150.82",302.29M,-0.13%,Negative
02/20/2024,"29,330.66","29,452.40","29,660.61","29,323.75",500.74M,-0.41%,Negative
02/19/2024,"29,452.40","29,125.57","29,498.39","29,104.68",354.35M,1.12%,Positive
02/18/2024,"29,125.57","28,926.15","29,178.09","28,926.15",388.16M,0.69%,Positive
02/15/2024,"28,926.15","28,874.99","29,073.30","28,810.56",481.27M,0.18%,Positive
02/14/2024,"28,874.99","28,604.54","28,973.34","28,604.54",503.06M,0.95%,Positive
02/13/2024,"28,604.54","28,494.72","28,836.39","28,306.56",353.48M,0.39%,Positive
02/12/2024,"28,494.72","28,199.04","28,690.51","27,682.75",208.06M,1.05%,Positive
02/11/2024,"28,199.04","28,411.41","28,621.86","27,972.28",267.02M,-0.75%,Negative
02/08/2024,"28,411.41","27,905.95","28,411.41","27,864.33",243.42M,1.81%,Positive
02/07/2024,"27,905.95","27,270.63","28,281.10","27,270.63",278.98M,2.33%,Positive
02/06/2024,"27,270.63","27,665.75","27,881.32","27,034.49",367.85M,-1.43%,Negative
02/05/2024,"27,665.75","27,573.50","27,902.36","27,501.60",338.56M,0.33%,Positive
02/04/2024,"27,573.50","28,434.37","28,477.74","27,162.86",224.42M,-3.03%,Negative
02/01/2024,"28,434.37","28,281.91","28,486.91","26,465.07",241.29M,0.54%,Positive
01/31/2024,"28,281.91","30,347.30","30,695.60","28,224.41",415.49M,-6.81%,Negative
01/30/2024,"30,347.30","29,227.79","30,347.30","29,193.92",324.39M,3.83%,Positive
01/29/2024,"29,227.79","28,625.76","29,430.92","28,625.76",281.64M,2.10%,Positive
01/28/2024,"28,625.76","27,666.18","28,847.92","27,666.18",303.44M,3.47%,Positive
01/24/2024,"27,666.18","27,587.00","27,702.46","27,467.36",345.10M,0.29%,Positive
01/23/2024,"27,587.00","28,050.33","28,102.33","27,536.52",434.08M,-1.65%,Negative
01/22/2024,"28,050.33","27,719.37","28,120.90","27,719.37",489.31M,1.19%,Positive
01/21/2024,"27,719.37","26,842.67","27,741.56","26,842.67",249.24M,3.27%,Positive
01/18/2024,"26,842.67","26,758.26","26,931.61","26,670.26",194.42M,0.32%,Positive
01/17/2024,"26,758.26","26,938.14","27,166.98","26,756.70",266.31M,-0.67%,Negative
01/16/2024,"26,938.14","26,250.73","26,938.14","26,250.73",290.36M,2.62%,Positive
01/15/2024,"26,250.73","25,974.84","26,377.36","25,974.84",201.50M,1.06%,Positive
01/14/2024,"25,974.84","25,519.25","25,996.31","25,519.25",154.23M,1.79%,Positive
01/11/2024,"25,519.25","25,466.75","25,576.13","25,367.83",170.77M,0.21%,Positive
01/10/2024,"25,466.75","25,589.99","25,708.30","25,466.75",163.37M,-0.48%,Negative
01/09/2024,"25,589.99","25,344.63","25,622.96","25,344.63",206.91M,0.97%,Positive
01/08/2024,"25,344.63","25,350.28","25,495.50","25,278.23",149.77M,-0.02%,Negative
01/04/2024,"25,350.28","25,408.51","25,478.96","25,323.85",189.08M,-0.23%,Negative
01/03/2024,"25,408.51","25,501.94","25,653.23","25,381.93",309.40M,-0.37%,Negative
01/02/2024,"25,501.94","24,894.26","25,501.94","24,894.26",184.29M,2.44%,Positive
12/31/2023,"24,894.26","24,691.43","25,144.43","24,691.43",146.38M,0.82%,Positive
12/28/2023,"24,691.43","24,351.12","25,780.70","24,351.12",199.10M,1.40%,Positive
12/27/2023,"24,351.12","23,994.54","24,481.08","23,994.54",178.66M,1.49%,Positive
12/26/2023,"23,994.54","24,226.68","24,408.08","23,857.50",229.16M,-0.96%,Negative
12/25/2023,"24,226.68","23,822.17","24,262.07","23,728.23",163.86M,1.70%,Positive
12/24/2023,"23,822.17","24,305.09","24,579.60","23,822.17",153.02M,-1.99%,Negative
12/21/2023,"24,305.09","24,837.56","25,077.59","24,261.88",172.27M,-2.14%,Negative
12/20/2023,"24,837.56","25,076.42","25,263.79","24,831.11",122.18M,-0.95%,Negative
12/19/2023,"25,076.42","25,334.09","25,532.20","25,076.42",194.99M,-1.02%,Negative
12/18/2023,"25,334.09","24,792.14","25,422.08","24,792.14",204.88M,2.19%,Positive
12/17/2023,"24,792.14","24,722.82","24,979.60","24,722.82",152.26M,0.28%,Positive
12/14/2023,"24,722.82","24,773.92","25,056.43","24,722.82",239.11M,-0.21%,Negative
12/13/2023,"24,773.92","24,071.66","24,828.13","24,071.66",210.27M,2.92%,Positive
12/12/2023,"24,071.66","24,182.06","24,414.73","23,968.87",203.89M,-0.46%,Negative
12/11/2023,"24,182.06","24,189.83","24,260.98","23,941.25",249.97M,-0.03%,Negative
12/10/2023,"24,189.83","24,686.16","24,773.06","24,189.83",231.64M,-2.01%,Negative
12/07/2023,"24,686.16","24,703.55","24,712.70","24,055.32",234.73M,-0.07%,Negative
12/06/2023,"24,703.55","25,127.91","25,311.40","24,702.38",280.24M,-1.69%,Negative
12/05/2023,"25,127.91","25,265.41","25,446.14","24,977.73",399.97M,-0.54%,Negative
12/04/2023,"25,265.41","24,571.98","25,323.48","24,571.98",357.89M,2.82%,Positive
12/03/2023,"24,571.98","24,735.39","24,809.93","24,491.70",227.29M,-0.66%,Negative
11/30/2023,"24,735.39","24,759.16","25,017.01","24,416.90",281.86M,-0.10%,Negative
11/29/2023,"24,759.16","25,121.73","25,204.84","24,553.42",299.24M,-1.44%,Negative
11/28/2023,"25,121.73","25,905.54","25,930.12","25,121.73",273.85M,-3.03%,Negative
11/27/2023,"25,905.54","25,300.32","25,945.58","25,300.32",376.14M,2.39%,Positive
11/26/2023,"25,300.32","25,519.49","25,743.23","25,241.52",302.67M,-0.86%,Negative
11/23/2023,"25,519.49","25,029.57","25,563.41","25,029.57",329.53M,1.96%,Positive
11/22/2023,"25,029.57","24,774.04","25,098.40","24,774.04",227.89M,1.03%,Positive
11/21/2023,"24,774.04","24,760.02","24,774.04","24,517.90",216.01M,0.06%,Positive
11/20/2023,"24,760.02","24,899.59","25,337.90","24,726.00",242.59M,-0.56%,Negative
11/19/2023,"24,899.59","24,383.27","24,958.79","24,383.27",270.69M,2.12%,Positive
11/16/2023,"24,383.27","24,138.80","24,451.71","24,138.80",294.70M,1.01%,Positive
11/15/2023,"24,138.80","23,894.06","24,196.97","23,894.06",274.90M,1.02%,Positive
11/14/2023,"23,894.06","23,954.96","24,216.58","23,842.85",298.91M,-0.25%,Negative
11/13/2023,"23,954.96","23,910.66","24,073.77","23,694.68",182.09M,0.19%,Positive
11/12/2023,"23,910.66","24,312.92","24,473.74","23,857.08",233.34M,-1.65%,Negative
11/09/2023,"24,312.92","23,986.56","24,543.08","23,986.56",290.75M,1.36%,Positive
11/08/2023,"23,986.56","23,393.41","24,136.44","23,393.41",247.48M,2.54%,Positive
11/07/2023,"23,393.41","23,059.15","23,477.77","23,059.15",365.29M,1.45%,Positive
11/06/2023,"23,059.15","23,094.69","23,246.11","23,011.39",336.34M,-0.15%,Negative
11/05/2023,"23,094.69","22,639.59","23,247.24","22,639.59",337.09M,2.01%,Positive
11/02/2023,"22,639.59","22,433.38","22,882.69","22,433.38",221.60M,0.92%,Positive
11/01/2023,"22,433.38","22,550.65","22,911.98","22,201.56",259.00M,-0.52%,Negative
10/31/2023,"22,550.65","23,435.65","23,573.84","22,550.65",375.01M,-3.78%,Negative
10/30/2023,"23,435.65","23,086.72","23,559.20","23,086.72",396.07M,1.51%,Positive
10/29/2023,"23,086.72","23,262.27","23,413.14","23,086.72",580.50M,-0.75%,Negative
10/26/2023,"23,262.27","23,131.96","23,439.40","22,911.53",388.61M,0.56%,Positive
10/25/2023,"23,131.96","22,377.39","23,226.61","22,377.39",348.12M,3.37%,Positive
10/24/2023,"22,377.39","22,572.49","22,841.22","21,858.48",228.86M,-0.86%,Negative
10/23/2023,"22,572.49","22,128.49","22,616.58","22,128.49",240.04M,2.01%,Positive
10/22/2023,"22,128.49","21,616.60","22,202.78","21,586.32",171.62M,2.37%,Positive
10/19/2023,"21,616.60","22,117.40","22,217.68","21,616.60",244.34M,-2.26%,Negative
10/18/2023,"22,117.40","22,073.95","22,423.59","21,972.82",287.02M,0.20%,Positive
10/17/2023,"22,073.95","21,032.35","22,142.88","21,032.35",327.02M,4.95%,Positive
10/16/2023,"21,032.35","20,324.96","21,328.74","20,324.96",274.15M,3.48%,Positive
10/15/2023,"20,324.96","20,002.10","20,464.66","20,002.10",167.68M,1.61%,Positive
10/12/2023,"20,002.10","19,653.49","20,002.10","19,653.49",157.88M,1.77%,Positive
10/11/2023,"19,653.49","19,724.32","19,913.82","19,653.49",133.22M,-0.36%,Negative
10/10/2023,"19,724.32","19,409.78","19,749.01","19,276.31",132.99M,1.62%,Positive
10/09/2023,"19,409.78","19,357.42","19,464.73","19,219.31",108.63M,0.27%,Positive
10/08/2023,"19,357.42","19,873.31","19,873.31","18,455.68",202.25M,-2.60%,Negative
10/04/2023,"19,873.31","19,706.96","19,896.46","19,661.31",118.56M,0.84%,Positive
10/03/2023,"19,706.96","19,901.24","19,927.22","19,652.16",115.00M,-0.98%,Negative
10/02/2023,"19,901.24","20,054.72","20,162.05","19,608.68",208.97M,-0.77%,Negative
10/01/2023,"20,054.72","20,174.28","20,223.85","19,979.56",136.22M,-0.59%,Negative
09/27/2023,"20,174.28","20,354.86","20,429.44","20,086.40",171.06M,-0.89%,Negative
09/26/2023,"20,354.86","20,320.56","20,531.31","20,320.56",209.81M,0.17%,Positive
09/25/2023,"20,320.56","20,213.70","20,498.51","20,213.70",215.20M,0.53%,Positive
09/24/2023,"20,213.70","20,080.57","20,325.68","20,077.36",160.22M,0.66%,Positive
09/21/2023,"20,080.57","19,797.23","20,082.10","19,692.41",160.29M,1.43%,Positive
09/20/2023,"19,797.23","19,954.30","20,264.21","19,715.05",210.90M,-0.79%,Negative
09/19/2023,"19,954.30","19,751.78","20,049.38","19,712.25",190.78M,1.03%,Positive
09/18/2023,"19,751.78","19,668.82","19,762.40","19,586.73",190.18M,0.42%,Positive
09/17/2023,"19,668.82","19,540.33","19,772.59","19,540.33",238.38M,0.66%,Positive
09/14/2023,"19,540.33","19,361.70","19,642.41","19,361.70",143.07M,0.92%,Positive
09/13/2023,"19,361.70","19,144.09","19,408.92","19,144.09",104.04M,1.14%,Positive
09/12/2023,"19,144.09","19,278.72","19,286.18","19,112.04",128.77M,-0.70%,Negative
09/11/2023,"19,278.72","19,577.85","19,601.83","19,238.48",199.13M,-1.53%,Negative
09/10/2023,"19,577.85","19,375.68","19,676.23","19,375.64",198.25M,1.04%,Positive
09/07/2023,"19,375.68","19,224.52","19,471.40","19,224.48",126.02M,0.79%,Positive
09/06/2023,"19,224.52","19,044.39","19,287.49","19,044.39",186.24M,0.95%,Positive
09/05/2023,"19,044.39","18,910.99","19,146.68","18,910.99",173.82M,0.71%,Positive
09/04/2023,"18,910.99","18,726.01","18,945.66","18,726.01",147.93M,0.99%,Positive
09/03/2023,"18,726.01","18,873.82","18,955.40","18,726.01",110.03M,-0.78%,Negative
08/31/2023,"18,873.82","18,818.15","18,884.84","18,726.46",131.97M,0.30%,Positive
08/30/2023,"18,818.15","18,629.34","18,832.19","18,629.34",150.63M,1.01%,Positive
08/29/2023,"18,629.34","18,584.84","18,709.86","18,584.84",220.66M,0.24%,Positive
08/28/2023,"18,584.84","18,516.59","18,757.12","18,516.59",272.19M,0.37%,Positive
08/27/2023,"18,516.59","18,207.82","18,516.59","18,207.82",134.13M,1.70%,Positive
08/24/2023,"18,207.82","18,133.42","18,237.14","18,133.42",193.82M,0.41%,Positive
08/23/2023,"18,133.42","18,216.63","18,322.06","18,130.61",226.10M,-0.46%,Negative
08/22/2023,"18,216.63","17,920.48","18,256.74","17,920.48",169.65M,1.65%,Positive
08/21/2023,"17,920.48","18,033.22","18,123.52","17,899.69",187.23M,-0.63%,Negative
08/20/2023,"18,033.22","17,969.27","18,101.10","17,969.27",157.45M,0.36%,Positive
08/17/2023,"17,969.27","18,062.50","18,130.45","17,956.88",162.62M,-0.52%,Negative
08/16/2023,"18,062.50","17,965.32","18,166.70","17,936.39",220.48M,0.54%,Positive
08/15/2023,"17,965.32","17,897.50","17,978.74","17,885.44",188.31M,0.38%,Positive
08/14/2023,"17,897.50","17,856.07","18,066.71","17,856.07",288.83M,0.23%,Positive
08/13/2023,"17,856.07","17,710.20","17,856.75","17,710.20",209.00M,0.82%,Positive
08/10/2023,"17,710.20","17,763.63","17,813.07","17,693.52",217.75M,-0.30%,Negative
08/09/2023,"17,763.63","17,748.89","17,910.10","17,746.30",299.07M,0.08%,Positive
08/08/2023,"17,748.89","17,839.48","17,938.14","17,748.89",395.74M,-0.51%,Negative
08/07/2023,"17,839.48","17,697.49","17,865.79","17,697.49",359.64M,0.80%,Positive
08/06/2023,"17,697.49","17,451.44","17,708.06","17,451.44",305.66M,1.41%,Positive
08/03/2023,"17,451.44","17,455.60","17,506.51","17,380.54",294.84M,-0.02%,Negative
08/02/2023,"17,455.60","17,514.11","17,610.40","17,427.89",480.96M,-0.33%,Negative
08/01/2023,"17,514.11","17,595.92","17,663.92","17,499.06",336.68M,-0.46%,Negative
07/31/2023,"17,595.92","17,554.56","17,630.12","17,522.99",121.84M,0.24%,Positive
07/30/2023,"17,554.56","17,339.06","17,617.24","17,334.46",94.80M,1.24%,Positive
07/27/2023,"17,339.06","17,396.24","17,422.11","17,304.99",75.72M,-0.33%,Negative
07/26/2023,"17,396.24","17,479.94","17,549.11","17,396.24",69.04M,-0.48%,Negative
07/25/2023,"17,479.94","17,550.23","17,761.43","17,441.68",108.10M,-0.40%,Negative
07/24/2023,"17,550.23","17,578.67","17,725.14","17,528.75",71.91M,-0.16%,Negative
07/19/2023,"17,578.67","17,608.32","17,624.23","17,530.52",97.97M,-0.17%,Negative
07/18/2023,"17,608.32","17,512.01","17,671.13","17,512.01",139.85M,0.55%,Positive
07/17/2023,"17,512.01","17,343.13","17,667.81","17,324.44",123.57M,0.97%,Positive
07/16/2023,"17,343.13","17,342.29","17,437.24","17,342.29",100.26M,0.00%,Negative
07/13/2023,"17,342.29","17,144.22","17,448.94","17,144.22",137.22M,1.16%,Positive
07/12/2023,"17,144.22","17,155.23","17,205.71","17,063.10",134.50M,-0.06%,Negative
07/11/2023,"17,155.23","16,963.13","17,223.84","16,903.96",140.62M,1.13%,Positive
07/10/2023,"16,963.13","16,555.12","16,970.35","16,555.12",135.18M,2.46%,Positive
07/09/2023,"16,555.12","17,102.30","17,104.24","16,555.12",170.77M,-3.20%,Negative
07/06/2023,"17,102.30","17,380.33","17,430.07","17,078.65",116.18M,-1.60%,Negative
07/05/2023,"17,380.33","17,466.18","17,564.24","17,380.33",104.72M,-0.49%,Negative
07/04/2023,"17,466.18","17,665.29","17,729.98","17,376.50",93.58M,-1.13%,Negative
06/26/2023,"17,665.29","17,287.64","17,665.29","17,287.64",118.38M,2.18%,Positive
06/25/2023,"17,287.64","17,712.93","17,743.13","17,287.64",153.03M,-2.40%,Negative
06/22/2023,"17,712.93","17,706.08","17,720.40","17,579.97",151.62M,0.04%,Positive
06/21/2023,"17,706.08","17,921.92","17,933.51","17,685.24",124.58M,-1.20%,Negative
06/20/2023,"17,921.92","17,988.95","18,071.47","17,860.93",138.65M,-0.37%,Negative
06/19/2023,"17,988.95","18,026.17","18,217.67","17,872.61",201.13M,-0.21%,Negative
06/18/2023,"18,026.17","17,881.52","18,096.20","17,881.52",134.60M,0.81%,Positive
06/15/2023,"17,881.52","17,873.28","17,892.29","17,739.67",183.66M,0.05%,Positive
06/14/2023,"17,873.28","17,866.81","18,056.54","17,848.62",245.98M,0.04%,Positive
06/13/2023,"17,866.81","17,704.58","17,949.17","17,704.58",294.67M,0.92%,Positive
06/12/2023,"17,704.58","17,739.63","17,856.21","17,655.28",107.10M,-0.20%,Negative
06/11/2023,"17,739.63","17,521.36","17,825.96","17,521.36",398.42M,1.25%,Positive
06/08/2023,"17,521.36","17,347.57","17,521.36","17,304.72",180.68M,1.00%,Positive
06/07/2023,"17,347.57","17,491.18","17,602.02","17,315.75",331.49M,-0.82%,Negative
06/06/2023,"17,491.18","17,345.90","17,637.95","17,345.90",352.84M,0.84%,Positive
06/05/2023,"17,345.90","17,455.48","17,570.55","17,341.28",311.90M,-0.63%,Negative
06/04/2023,"17,455.48","17,533.31","17,706.61","17,452.89",398.42M,-0.44%,Negative
06/01/2023,"17,533.31","17,495.77","17,629.17","17,495.77",261.47M,0.21%,Positive
05/31/2023,"17,495.77","17,534.59","17,747.07","17,495.77",269.80M,-0.22%,Negative
05/30/2023,"17,534.59","17,211.84","17,544.85","17,211.84",250.90M,1.88%,Positive
05/29/2023,"17,211.84","17,131.45","17,217.13","17,065.03",174.92M,0.47%,Positive
05/28/2023,"17,131.45","17,043.62","17,161.31","17,043.62",147.49M,0.52%,Positive
05/25/2023,"17,043.62","17,090.56","17,240.66","17,043.62",152.08M,-0.27%,Negative
05/24/2023,"17,090.56","16,787.71","17,090.56","16,787.71",174.92M,1.80%,Positive
05/23/2023,"16,787.71","16,764.41","16,790.33","16,636.86",155.96M,0.14%,Positive
05/22/2023,"16,764.41","16,860.88","17,034.88","16,748.81",122.16M,-0.57%,Negative
05/21/2023,"16,860.88","16,745.54","16,937.01","16,745.32",131.40M,0.69%,Positive
05/18/2023,"16,745.54","16,844.01","16,875.30","16,562.59",141.10M,-0.58%,Negative
05/17/2023,"16,844.01","17,033.99","17,105.57","16,807.10",152.59M,-1.12%,Negative
05/16/2023,"17,033.99","17,135.55","17,139.51","16,903.18",190.11M,-0.59%,Negative
05/15/2023,"17,135.55","17,369.13","17,523.49","17,135.55",186.52M,-1.34%,Negative
05/14/2023,"17,369.13","17,270.69","17,373.28","17,151.67",181.62M,0.57%,Positive
05/11/2023,"17,270.69","17,494.73","17,556.44","17,204.93",170.67M,-1.28%,Negative
05/10/2023,"17,494.73","17,326.27","17,494.73","17,204.43",215.06M,0.97%,Positive
05/09/2023,"17,326.27","17,642.97","17,832.74","17,276.11",252.19M,-1.80%,Negative
05/08/2023,"17,642.97","17,235.31","17,642.97","17,235.31",183.73M,2.37%,Positive
05/07/2023,"17,235.31","17,295.27","17,296.63","17,109.60",108.86M,-0.35%,Negative
05/03/2023,"17,295.27","17,300.56","17,420.52","17,205.08",140.98M,-0.03%,Negative
05/02/2023,"17,300.56","17,310.83","17,367.17","17,207.96",132.50M,-0.06%,Negative
05/01/2023,"17,310.83","17,667.74","17,691.82","17,294.33",177.16M,-2.02%,Negative
04/30/2023,"17,667.74","17,796.91","18,142.59","17,613.85",268.10M,-0.73%,Negative
04/27/2023,"17,796.91","17,452.22","17,851.15","17,452.22",249.08M,1.98%,Positive
04/26/2023,"17,452.22","17,516.04","17,557.18","17,361.47",147.57M,-0.36%,Negative
04/19/2023,"17,516.04","17,538.97","17,644.11","17,427.59",177.57M,-0.13%,Negative
04/18/2023,"17,538.97","17,671.27","17,671.27","17,175.23",138.29M,-0.75%,Negative
04/13/2023,"17,671.27","16,741.45","17,671.27","16,741.45",126.24M,5.55%,Positive
04/12/2023,"16,741.45","17,011.68","17,011.68","16,696.78",136.76M,-1.59%,Negative
04/11/2023,"17,011.68","16,774.64","17,011.68","16,774.64",125.32M,1.41%,Positive
04/10/2023,"16,774.64","16,674.87","16,838.78","16,674.87",170.78M,0.60%,Positive
04/09/2023,"16,674.87","16,709.28","16,756.95","16,610.53",136.48M,-0.21%,Negative
04/06/2023,"16,709.28","17,019.25","17,036.33","16,709.28",115.69M,-1.82%,Negative
04/05/2023,"17,019.25","16,998.35","17,076.83","16,963.89",143.20M,0.12%,Positive
04/04/2023,"16,998.35","17,056.89","17,111.67","16,928.03",214.26M,-0.34%,Negative
04/03/2023,"17,056.89","16,694.46","17,107.33","16,694.46",228.28M,2.17%,Positive
04/02/2023,"16,694.46","16,418.53","16,694.46","16,416.13",90.50M,1.68%,Positive
03/30/2023,"16,418.53","16,411.37","16,644.74","16,284.65",144.34M,0.04%,Positive
03/29/2023,"16,411.37","15,906.42","16,411.37","15,906.42",154.68M,3.17%,Positive
03/28/2023,"15,906.42","15,950.09","15,998.32","15,696.62",117.32M,-0.27%,Negative
03/27/2023,"15,950.09","15,989.18","16,100.64","15,902.33",157.23M,-0.24%,Negative
03/26/2023,"15,989.18","15,625.08","16,013.47","15,625.08",141.19M,2.33%,Positive
03/23/2023,"15,625.08","15,253.22","15,625.08","15,200.37",81.93M,2.44%,Positive
03/22/2023,"15,253.22","15,325.66","15,488.01","15,153.58",95.82M,-0.47%,Negative
03/21/2023,"15,325.66","14,923.81","15,403.92","14,923.81",113.66M,2.69%,Positive
03/20/2023,"14,923.81","14,681.12","15,165.46","14,662.13",127.14M,1.65%,Positive
03/19/2023,"14,681.12","14,704.18","14,780.86","14,425.82",70.29M,-0.16%,Negative
03/16/2023,"14,704.18","14,724.44","15,052.08","14,611.93",180.99M,-0.14%,Negative
03/15/2023,"14,724.44","15,362.25","15,703.89","14,724.44",141.35M,-4.15%,Negative
03/14/2023,"15,362.25","15,438.50","15,506.19","15,281.67",101.43M,-0.49%,Negative
03/13/2023,"15,438.50","15,936.89","16,089.26","15,275.09",157.60M,-3.13%,Negative
03/12/2023,"15,936.89","16,454.31","16,468.36","15,936.89",108.62M,-3.14%,Negative
03/09/2023,"16,454.31","16,315.62","16,555.99","16,283.78",88.38M,0.85%,Positive
03/08/2023,"16,315.62","16,432.56","16,532.41","16,226.61",103.54M,-0.71%,Negative
03/07/2023,"16,432.56","16,803.89","16,872.05","16,400.79",99.50M,-2.21%,Negative
03/06/2023,"16,803.89","16,827.65","17,057.02","16,803.89",99.85M,-0.14%,Negative
03/05/2023,"16,827.65","16,846.79","16,929.88","16,713.66",83.04M,-0.11%,Negative
03/02/2023,"16,846.79","17,123.01","17,183.44","16,846.79",117.14M,-1.61%,Negative
03/01/2023,"17,123.01","17,002.08","17,128.75","16,976.78",166.10M,0.71%,Positive
02/28/2023,"17,002.08","17,098.16","17,162.15","16,936.69",171.60M,-0.56%,Negative
02/27/2023,"17,098.16","17,213.01","17,359.92","17,098.16",162.68M,-0.67%,Negative
02/26/2023,"17,213.01","17,003.90","17,295.46","16,992.99",93.69M,1.23%,Positive
02/23/2023,"17,003.90","16,777.20","17,003.90","16,733.06",106.95M,1.35%,Positive
02/22/2023,"16,777.20","17,039.45","17,103.05","16,672.92",122.02M,-1.54%,Negative
02/21/2023,"17,039.45","16,814.00","17,046.37","16,714.32",117.01M,1.34%,Positive
02/20/2023,"16,814.00","17,326.61","17,404.04","16,798.65",133.24M,-2.96%,Negative
02/19/2023,"17,326.61","17,488.87","17,621.00","17,326.61",143.77M,-0.93%,Negative
02/16/2023,"17,488.87","17,522.56","17,724.83","17,488.87",201.21M,-0.19%,Negative
02/15/2023,"17,522.56","17,430.98","17,657.23","17,418.80",224.30M,0.53%,Positive
02/14/2023,"17,430.98","17,214.56","17,438.58","17,214.56",251.52M,1.26%,Positive
02/13/2023,"17,214.56","17,287.09","17,450.50","17,113.22",127.84M,-0.42%,Negative
02/12/2023,"17,287.09","17,613.78","17,613.78","17,198.46",150.29M,-1.85%,Negative
02/09/2023,"17,613.78","16,948.08","17,613.78","16,948.08",180.36M,3.93%,Positive
02/08/2023,"16,948.08","16,900.43","17,081.29","16,669.04",155.68M,0.28%,Positive
02/07/2023,"16,900.43","16,587.06","16,960.30","16,587.06",184.01M,1.89%,Positive
02/06/2023,"16,587.06","16,265.92","16,587.06","16,265.92",140.88M,1.97%,Positive
02/05/2023,"16,265.92","16,255.73","16,266.98","15,748.55",169.11M,0.06%,Positive
02/02/2023,"16,255.73","16,407.79","16,615.32","16,198.90",169.11M,-0.93%,Negative
02/01/2023,"16,407.79","16,446.38","16,610.08","16,282.46",146.90M,-0.23%,Negative
01/31/2023,"16,446.38","17,026.64","17,033.99","16,427.18",173.32M,-3.41%,Negative
01/30/2023,"17,026.64","17,411.46","17,764.02","17,026.64",260.05M,-2.21%,Negative
01/29/2023,"17,411.46","16,791.11","17,411.46","16,791.11",196.04M,3.69%,Positive
01/25/2023,"16,791.11","16,440.53","16,840.13","16,440.53",193.67M,2.13%,Positive
01/24/2023,"16,440.53","16,183.49","16,440.53","16,183.49",195.01M,1.59%,Positive
01/23/2023,"16,183.49","16,118.85","16,241.01","16,118.85",262.16M,0.40%,Positive
01/22/2023,"16,118.85","16,065.98","16,220.38","16,065.98",247.65M,0.33%,Positive
01/19/2023,"16,065.98","15,987.15","16,118.92","15,987.15",252.82M,0.49%,Positive
01/18/2023,"15,987.15","15,981.88","16,087.04","15,919.66",229.15M,0.03%,Positive
01/17/2023,"15,981.88","15,837.91","16,063.02","15,837.91",267.10M,0.91%,Positive
01/16/2023,"15,837.91","15,561.25","15,914.29","15,561.25",230.77M,1.78%,Positive
01/15/2023,"15,561.25","15,551.47","15,663.72","15,498.90",152.68M,0.06%,Positive
01/12/2023,"15,551.47","15,528.10","15,799.26","15,433.92",216.00M,0.15%,Positive
01/11/2023,"15,528.10","15,462.57","16,139.08","15,301.89",373.79M,0.42%,Positive
01/10/2023,"15,462.57","16,096.87","16,115.20","15,462.57",241.09M,-3.94%,Negative
01/09/2023,"16,096.87","16,002.18","16,274.94","16,002.18",301.33M,0.59%,Positive
01/05/2023,"16,002.18","15,557.46","16,028.76","15,557.46",295.03M,2.86%,Positive
01/04/2023,"15,557.46","15,068.13","15,600.09","14,598.72",318.47M,3.25%,Positive
01/03/2023,"15,068.13","14,960.66","15,175.32","14,960.66",248.92M,0.72%,Positive
01/02/2023,"14,960.66","14,598.53","14,961.16","14,598.15",164.72M,2.48%,Positive
12/29/2022,"14,598.53","14,578.21","14,690.86","14,559.13",160.35M,0.14%,Positive
12/28/2022,"14,578.21","14,485.18","14,615.64","14,485.18",122.31M,0.64%,Positive
12/27/2022,"14,485.18","14,560.41","14,633.14","14,485.18",149.99M,-0.52%,Negative
12/26/2022,"14,560.41","14,385.30","14,586.73","14,385.30",139.24M,1.22%,Positive
12/25/2022,"14,385.30","14,482.93","14,482.93","14,202.72",184.83M,-0.67%,Negative
12/22/2022,"14,482.93","14,541.98","14,756.69","14,358.18",198.47M,-0.41%,Negative
12/21/2022,"14,541.98","14,523.26","14,591.36","14,301.75",198.66M,0.13%,Positive
12/20/2022,"14,523.26","14,738.60","14,847.62","14,523.26",240.45M,-1.46%,Negative
12/19/2022,"14,738.60","14,843.05","14,917.85","14,576.96",239.95M,-0.70%,Negative
12/18/2022,"14,843.05","15,141.55","15,180.40","14,843.05",194.67M,-1.97%,Negative
12/15/2022,"15,141.55","15,378.28","15,595.66","15,141.55",296.16M,-1.54%,Negative
12/14/2022,"15,378.28","15,150.31","15,378.28","15,111.87",337.81M,1.50%,Positive
12/13/2022,"15,150.31","14,723.71","15,186.36","14,723.71",386.22M,2.90%,Positive
12/12/2022,"14,723.71","14,587.70","14,752.20","14,274.95",238.96M,0.93%,Positive
12/11/2022,"14,587.70","14,838.31","15,060.84","14,587.70",225.91M,-1.69%,Negative
12/08/2022,"14,838.31","14,787.05","14,901.56","14,574.99",250.40M,0.35%,Positive
12/07/2022,"14,787.05","14,498.29","14,914.09","14,498.29",359.68M,1.99%,Positive
12/06/2022,"14,498.29","14,327.77","14,566.76","14,327.77",248.90M,1.19%,Positive
12/05/2022,"14,327.77","14,078.53","14,375.40","14,078.53",232.09M,1.77%,Positive
12/04/2022,"14,078.53","13,639.73","14,078.53","13,639.73",237.50M,3.22%,Positive
12/01/2022,"13,639.73","13,259.26","13,639.73","13,258.92",197.44M,2.87%,Positive
11/30/2022,"13,259.26","13,184.26","13,314.45","13,180.52",187.73M,0.57%,Positive
11/29/2022,"13,184.26","12,917.22","13,184.26","12,917.22",144.11M,2.07%,Positive
11/28/2022,"12,917.22","13,009.48","13,049.72","12,881.26",162.89M,-0.71%,Negative
11/27/2022,"13,009.48","12,779.44","13,009.48","12,779.44",190.45M,1.80%,Positive
11/24/2022,"12,779.44","12,600.09","12,779.44","12,600.09",126.09M,1.42%,Positive
11/23/2022,"12,600.09","12,622.34","12,793.86","12,600.09",160.66M,-0.18%,Negative
11/22/2022,"12,622.34","12,449.90","12,642.38","12,446.09",138.51M,1.39%,Positive
11/21/2022,"12,449.90","12,523.84","12,531.03","12,413.30",114.29M,-0.59%,Negative
11/20/2022,"12,523.84","12,515.71","12,650.85","12,515.71",84.99M,0.06%,Positive
11/17/2022,"12,515.71","12,341.20","12,515.71","12,341.20",163.35M,1.41%,Positive
11/16/2022,"12,341.20","12,137.00","12,341.20","12,100.48",185.38M,1.68%,Positive
11/15/2022,"12,137.00","12,136.37","12,147.84","12,041.57",106.64M,0.01%,Positive
11/14/2022,"12,136.37","11,980.62","12,140.83","11,973.06",200.64M,1.30%,Positive
11/13/2022,"11,980.62","11,756.56","11,980.62","11,754.90",131.63M,1.91%,Positive
11/10/2022,"11,756.56","11,781.58","11,816.82","11,575.97",102.40M,-0.21%,Negative
11/09/2022,"11,781.58","11,268.04","11,781.58","11,232.48",97.41M,4.56%,Positive
11/08/2022,"11,268.04","11,443.71","11,531.06","11,250.03",91.23M,-1.54%,Negative
11/07/2022,"11,443.71","11,179.20","11,443.71","11,179.20",68.50M,2.37%,Positive
11/06/2022,"11,179.20","11,262.40","11,284.94","11,178.67",50.92M,-0.74%,Negative
11/03/2022,"11,262.40","11,242.07","11,262.40","11,173.20",60.75M,0.18%,Positive
11/02/2022,"11,242.07","11,432.79","11,437.23","11,239.50",101.49M,-1.67%,Negative
11/01/2022,"11,432.79","11,372.79","11,440.39","11,368.02",157.41M,0.53%,Positive
10/31/2022,"11,372.79","11,100.67","11,372.79","11,076.58",127.98M,2.45%,Positive
10/30/2022,"11,100.67","11,072.02","11,245.60","11,072.02",137.97M,0.26%,Positive
10/27/2022,"11,072.02","10,553.20","11,072.02","10,553.20",235.18M,4.92%,Positive
10/26/2022,"10,553.20","10,475.02","10,580.49","10,475.02",105.53M,0.75%,Positive
10/25/2022,"10,475.02","10,320.88","10,475.02","10,294.24",73.43M,1.49%,Positive
10/24/2022,"10,320.88","10,258.24","10,368.53","10,258.24",70.86M,0.61%,Positive
10/23/2022,"10,258.24","10,273.53","10,323.37","10,257.53",61.30M,-0.15%,Negative
10/20/2022,"10,273.53","10,156.34","10,277.11","10,156.34",63.19M,1.15%,Positive
10/19/2022,"10,156.34","10,163.56","10,174.99","10,116.51",54.66M,-0.07%,Negative
10/18/2022,"10,163.56","10,148.40","10,173.18","10,079.59",77.27M,0.15%,Positive
10/17/2022,"10,148.40","10,048.88","10,153.65","10,039.81",103.05M,0.99%,Positive
10/16/2022,"10,048.88","9,853.74","10,048.88","9,853.60",71.01M,1.98%,Positive
10/13/2022,"9,853.74","9,800.64","9,853.74","9,769.00",81.59M,0.54%,Positive
10/12/2022,"9,800.64","9,867.23","9,876.21","9,746.95",76.92M,-0.67%,Negative
10/11/2022,"9,867.23","9,948.53","9,962.95","9,866.62",72.05M,-0.82%,Negative
10/10/2022,"9,948.53","9,940.86","10,004.90","9,940.86",91.18M,0.08%,Positive
10/09/2022,"9,940.86","10,010.78","10,010.78","9,934.61",73.76M,-0.70%,Negative
10/05/2022,"10,010.78","9,923.81","10,010.78","9,923.81",89.97M,0.88%,Positive
10/04/2022,"9,923.81","9,685.85","9,923.81","9,685.85",89.71M,2.46%,Positive
10/03/2022,"9,685.85","9,687.36","9,717.60","9,653.33",68.59M,-0.02%,Negative
10/02/2022,"9,687.36","9,827.46","9,829.64","9,687.36",66.58M,-1.43%,Negative
09/29/2022,"9,827.46","9,702.19","9,827.46","9,702.19",99.94M,1.29%,Positive
09/28/2022,"9,702.19","9,817.37","9,828.62","9,696.15",77.41M,-1.17%,Negative
09/27/2022,"9,817.37","9,827.80","9,873.70","9,812.50",85.83M,-0.11%,Negative
09/26/2022,"9,827.80","9,895.04","9,906.36","9,827.80",63.58M,-0.68%,Negative
09/25/2022,"9,895.04","9,933.05","9,933.05","9,777.76",52.18M,-0.38%,Negative
09/22/2022,"9,933.05","9,955.85","9,971.83","9,875.76",77.32M,-0.23%,Negative
09/21/2022,"9,955.85","10,010.53","10,045.01","9,955.85",97.29M,-0.55%,Negative
09/20/2022,"10,010.53","9,854.21","10,010.53","9,830.26",83.87M,1.59%,Positive
09/19/2022,"9,854.21","9,763.19","9,865.90","9,627.85",66.17M,0.93%,Positive
09/18/2022,"9,763.19","10,079.02","10,093.41","9,706.67",104.61M,-3.13%,Negative
09/15/2022,"10,079.02","10,193.79","10,213.43","10,039.41",127.71M,-1.13%,Negative
09/14/2022,"10,193.79","10,397.12","10,397.12","10,164.46",105.58M,-1.96%,Negative
09/13/2022,"10,397.12","10,434.10","10,456.38","10,387.56",104.68M,-0.35%,Negative
09/12/2022,"10,434.10","10,356.31","10,464.53","10,356.31",125.56M,0.75%,Positive
09/11/2022,"10,356.31","10,265.35","10,363.27","10,265.35",80.02M,0.89%,Positive
09/08/2022,"10,265.35","10,232.29","10,320.73","10,231.45",105.09M,0.32%,Positive
09/07/2022,"10,232.29","10,329.66","10,362.45","10,226.81",181.42M,-0.94%,Negative
09/06/2022,"10,329.66","10,177.64","10,329.66","10,177.64",200.97M,1.49%,Positive
09/05/2022,"10,177.64","9,996.74","10,177.64","9,996.72",173.70M,1.81%,Positive
09/04/2022,"9,996.74","9,936.87","10,010.25","9,905.05",69.76M,0.60%,Positive
09/01/2022,"9,936.87","9,998.61","10,064.53","9,920.52",95.22M,-0.62%,Negative
08/31/2022,"9,998.61","10,132.15","10,163.20","9,998.61",138.39M,-1.32%,Negative
08/30/2022,"10,132.15","10,122.32","10,157.37","10,063.26",165.87M,0.10%,Positive
08/29/2022,"10,122.32","10,178.15","10,234.99","10,122.32",192.98M,-0.55%,Negative
08/28/2022,"10,178.15","10,287.27","10,301.19","10,178.15",133.45M,-1.06%,Negative
08/25/2022,"10,287.27","10,105.24","10,291.79","10,105.24",180.53M,1.80%,Positive
08/24/2022,"10,105.24","10,137.89","10,219.61","10,087.66",126.73M,-0.32%,Negative
08/23/2022,"10,137.89","10,246.24","10,295.75","10,137.89",185.81M,-1.06%,Negative
08/22/2022,"10,246.24","10,339.58","10,372.64","10,226.88",197.42M,-0.90%,Negative
08/21/2022,"10,339.58","10,094.16","10,339.58","10,094.16",183.47M,2.43%,Positive
08/18/2022,"10,094.16","10,058.12","10,153.07","10,058.12",142.23M,0.36%,Positive
08/17/2022,"10,058.12","9,843.17","10,063.58","9,833.90",181.92M,2.18%,Positive
08/16/2022,"9,843.17","9,914.71","9,926.58","9,820.30",110.75M,-0.72%,Negative
08/15/2022,"9,914.71","9,984.44","10,010.23","9,871.52",115.33M,-0.70%,Negative
08/14/2022,"9,984.44","9,988.84","10,065.41","9,984.44",116.59M,-0.04%,Negative
08/11/2022,"9,988.84","9,965.46","10,000.30","9,955.78",84.74M,0.23%,Positive
08/10/2022,"9,965.46","9,968.88","10,061.20","9,940.43",77.82M,-0.03%,Negative
08/09/2022,"9,968.88","10,047.71","10,153.15","9,968.88",119.41M,-0.78%,Negative
08/08/2022,"10,047.71","10,123.81","10,135.34","10,043.16",168.38M,-0.75%,Negative
08/07/2022,"10,123.81","10,043.23","10,175.48","10,043.23",185.72M,0.80%,Positive
08/04/2022,"10,043.23","9,539.43","10,043.55","9,539.43",252.13M,5.28%,Positive
08/03/2022,"9,539.43","9,442.02","9,539.43","9,442.02",83.08M,1.03%,Positive
08/02/2022,"9,442.02","9,423.10","9,457.85","9,392.23",103.19M,0.20%,Positive
08/01/2022,"9,423.10","9,467.08","9,581.82","9,395.47",101.16M,-0.46%,Negative
07/31/2022,"9,467.08","9,369.32","9,504.77","9,369.32",85.23M,1.04%,Positive
07/28/2022,"9,369.32","9,287.92","9,369.32","9,282.70",77.91M,0.88%,Positive
07/27/2022,"9,287.92","9,350.42","9,411.08","9,286.78",93.54M,-0.67%,Negative
07/26/2022,"9,350.42","9,237.70","9,441.07","9,237.03",129.31M,1.22%,Positive
07/25/2022,"9,237.70","9,276.28","9,308.54","9,237.70",89.60M,-0.42%,Negative
07/24/2022,"9,276.28","9,289.81","9,298.72","9,256.23",91.30M,-0.15%,Negative
07/21/2022,"9,289.81","9,112.72","9,289.81","9,112.72",176.40M,1.94%,Positive
07/20/2022,"9,112.72","9,033.53","9,159.79","9,033.53",153.09M,0.88%,Positive
07/19/2022,"9,033.53","8,867.94","9,055.50","8,864.78",153.98M,1.87%,Positive
07/18/2022,"8,867.94","8,772.93","8,922.35","8,772.93",119.57M,1.08%,Positive
07/17/2022,"8,772.93","8,764.25","8,824.35","8,739.75",50.11M,0.10%,Positive
07/07/2022,"8,764.25","8,670.12","8,815.64","8,667.88",96.75M,1.09%,Positive
07/06/2022,"8,670.12","8,657.50","8,708.97","8,599.05",83.29M,0.15%,Positive
07/05/2022,"8,657.50","8,685.74","8,756.88","8,616.19",154.51M,-0.33%,Negative
07/04/2022,"8,685.74","9,008.89","9,020.14","8,685.74",86.16M,-3.59%,Negative
07/03/2022,"9,008.89","9,225.61","9,226.42","8,924.34",59.41M,-2.35%,Negative
06/29/2022,"9,225.61","9,179.63","9,248.26","9,169.59",66.46M,0.50%,Positive
06/28/2022,"9,179.63","9,255.43","9,255.45","9,008.20",89.70M,-0.82%,Negative
06/27/2022,"9,255.43","9,443.75","9,446.37","9,227.13",96.61M,-1.99%,Negative
06/26/2022,"9,443.75","9,439.85","9,512.56","9,435.89",65.54M,0.04%,Positive
06/23/2022,"9,439.85","9,612.90","9,612.90","9,439.85",48.08M,-1.80%,Negative
06/22/2022,"9,612.90","9,697.88","9,697.88","9,612.90",46.54M,-0.88%,Negative
06/21/2022,"9,697.88","9,680.18","9,755.15","9,676.32",78.29M,0.18%,Positive
06/20/2022,"9,680.18","9,728.19","9,746.62","9,671.26",61.92M,-0.49%,Negative
06/19/2022,"9,728.19","9,866.75","9,866.75","9,720.87",35.30M,-1.40%,Negative
06/16/2022,"9,866.75","9,969.97","9,975.09","9,866.75",111.32M,-1.04%,Negative
06/15/2022,"9,969.97","9,981.22","10,008.18","9,925.69",110.51M,-0.11%,Negative
06/14/2022,"9,981.22","10,014.85","10,014.85","9,930.96",87.61M,-0.34%,Negative
06/13/2022,"10,014.85","10,097.55","10,097.55","9,964.50",72.68M,-0.82%,Negative
06/12/2022,"10,097.55","10,235.43","10,235.66","10,089.31",51.74M,-1.35%,Negative
06/09/2022,"10,235.43","10,236.06","10,266.68","10,158.07",61.08M,-0.01%,Negative
06/08/2022,"10,236.06","10,048.36","10,249.86","10,048.36",102.86M,1.87%,Positive
06/07/2022,"10,048.36","9,984.92","10,048.36","9,974.26",59.41M,0.64%,Positive
06/06/2022,"9,984.92","9,986.00","9,994.77","9,957.20",47.26M,-0.01%,Negative
06/05/2022,"9,986.00","10,007.51","10,030.32","9,971.71",39.64M,-0.21%,Negative
06/02/2022,"10,007.51","10,083.98","10,097.21","9,990.46",55.65M,-0.76%,Negative
06/01/2022,"10,083.98","10,150.05","10,204.49","10,041.18",80.03M,-0.65%,Negative
05/31/2022,"10,150.05","10,109.36","10,260.08","10,109.36",166.64M,0.40%,Positive
05/30/2022,"10,109.36","10,086.72","10,170.71","10,057.64",62.39M,0.22%,Positive
05/29/2022,"10,086.72","10,200.56","10,202.59","10,077.72",36.34M,-1.12%,Negative
05/26/2022,"10,200.56","10,247.43","10,263.22","10,155.46",82.06M,-0.46%,Negative
05/25/2022,"10,247.43","10,415.54","10,448.31","10,247.43",80.20M,-1.61%,Negative
05/24/2022,"10,415.54","10,514.95","10,546.68","10,374.76",57.39M,-0.95%,Negative
05/23/2022,"10,514.95","10,462.74","10,560.22","10,462.74",52.92M,0.50%,Positive
05/22/2022,"10,462.74","10,549.97","10,571.66","10,462.74",20.22M,-0.83%,Negative
05/19/2022,"10,549.97","10,467.63","10,549.97","10,345.59",49.74M,0.79%,Positive
05/18/2022,"10,467.63","10,438.95","10,488.43","10,433.96",51.91M,0.27%,Positive
05/17/2022,"10,438.95","10,461.88","10,571.77","10,438.95",45.32M,-0.22%,Negative
05/16/2022,"10,461.88","10,534.22","10,538.09","10,391.52",67.16M,-0.69%,Negative
05/15/2022,"10,534.22","10,678.98","10,743.98","10,534.22",58.04M,-1.36%,Negative
05/12/2022,"10,678.98","10,855.93","10,855.93","10,602.15",84.36M,-1.63%,Negative
05/11/2022,"10,855.93","10,811.45","10,925.99","10,810.15",85.18M,0.41%,Positive
05/10/2022,"10,811.45","10,906.72","10,906.84","10,778.00",59.76M,-0.87%,Negative
05/09/2022,"10,906.72","11,109.22","11,177.34","10,906.72",89.97M,-1.82%,Negative
05/08/2022,"11,109.22","11,047.70","11,114.74","10,949.65",79.70M,0.56%,Positive
04/28/2022,"11,047.70","10,718.22","11,055.90","10,717.49",102.42M,3.07%,Positive
04/27/2022,"10,718.22","10,682.08","10,772.46","10,681.02",57.86M,0.34%,Positive
04/26/2022,"10,682.08","10,548.14","10,682.08","10,529.49",53.57M,1.27%,Positive
04/21/2022,"10,548.14","10,444.76","10,579.02","10,443.92",142.69M,0.99%,Positive
04/20/2022,"10,444.76","10,626.81","10,626.81","10,441.38",41.27M,-1.71%,Negative
04/19/2022,"10,626.81","10,724.80","10,728.22","10,566.90",53.68M,-0.91%,Negative
04/18/2022,"10,724.80","10,707.93","10,724.80","10,580.10",47.35M,0.16%,Positive
04/17/2022,"10,707.93","10,847.46","10,848.01","10,614.24",61.80M,0.27%,Positive
04/14/2022,"10,679.55","10,847.46","10,847.46","10,614.24",84.97M,-1.55%,Negative
04/13/2022,"10,847.46","10,898.69","10,936.22","10,847.46",48.08M,-0.47%,Negative
04/12/2022,"10,898.69","10,728.66","10,942.30","10,728.66",51.37M,1.58%,Positive
04/11/2022,"10,728.66","10,897.61","10,899.36","10,715.28",60.24M,-1.55%,Negative
04/10/2022,"10,897.61","11,101.94","11,101.94","10,872.94",53.53M,-1.84%,Negative
04/07/2022,"11,101.94","11,347.96","11,359.56","11,091.16",98.38M,-2.17%,Negative
04/06/2022,"11,347.96","11,380.85","11,417.95","11,319.85",91.24M,-0.29%,Negative
04/05/2022,"11,380.85","11,529.18","11,545.14","11,375.44",66.76M,-1.29%,Negative
04/04/2022,"11,529.18","11,562.21","11,563.18","11,512.00",78.01M,-0.29%,Negative
04/03/2022,"11,562.21","11,238.48","11,562.21","11,238.48",47.52M,2.88%,Positive
03/31/2022,"11,238.48","11,239.21","11,239.21","11,123.13",78.59M,-0.01%,Negative
03/30/2022,"11,239.21","11,393.54","11,456.49","11,239.21",82.84M,-1.35%,Negative
03/29/2022,"11,393.54","11,240.79","11,393.54","11,151.12",90.66M,1.36%,Positive
03/28/2022,"11,240.79","11,545.61","11,592.54","11,240.79",89.28M,-2.64%,Negative
03/27/2022,"11,545.61","11,709.16","11,709.16","11,465.63",102.39M,-1.40%,Negative
03/24/2022,"11,709.16","11,743.91","11,810.09","11,704.03",123.84M,-0.30%,Negative
03/23/2022,"11,743.91","11,663.32","11,743.91","11,586.43",89.72M,0.69%,Positive
03/22/2022,"11,663.32","11,511.15","11,977.24","11,511.15",169.00M,1.32%,Positive
03/21/2022,"11,511.15","10,973.72","11,511.15","10,973.72",180.90M,4.90%,Positive
03/20/2022,"10,973.72","10,726.44","10,973.72","10,726.44",48.69M,2.31%,Positive
03/17/2022,"10,726.44","10,705.60","10,804.85","10,675.27",110.03M,0.19%,Positive
03/16/2022,"10,705.60","10,423.09","10,719.92","10,423.09",166.49M,2.71%,Positive
03/15/2022,"10,423.09","10,419.56","10,423.09","10,284.77",60.57M,0.03%,Positive
03/14/2022,"10,419.56","10,480.67","10,480.67","10,361.17",51.07M,-0.58%,Negative
03/13/2022,"10,480.67","10,453.59","10,550.69","10,453.59",54.05M,0.26%,Positive
03/10/2022,"10,453.59","10,415.73","10,453.59","10,332.19",72.17M,0.36%,Positive
03/09/2022,"10,415.73","10,396.83","10,485.58","10,395.13",68.11M,0.18%,Positive
03/08/2022,"10,396.83","10,701.14","10,701.14","10,357.66",87.09M,-2.84%,Negative
03/07/2022,"10,701.14","11,094.66","11,095.71","10,691.68",97.06M,-3.55%,Negative
03/06/2022,"11,094.66","11,305.55","11,305.55","11,087.93",55.93M,-1.87%,Negative
03/03/2022,"11,305.55","11,189.29","11,305.55","11,189.29",79.41M,1.04%,Positive
03/02/2022,"11,189.29","11,275.78","11,291.44","11,189.29",75.37M,-0.77%,Negative
03/01/2022,"11,275.78","11,138.86","11,297.56","11,138.86",69.18M,1.23%,Positive
02/28/2022,"11,138.86","11,174.09","11,176.22","11,094.00",73.96M,-0.32%,Negative
02/27/2022,"11,174.09","10,890.88","11,174.09","10,890.88",55.82M,2.60%,Positive
02/24/2022,"10,890.88","11,301.08","11,301.08","10,841.98",106.39M,-3.63%,Negative
02/23/2022,"11,301.08","11,302.49","11,349.82","11,294.91",47.71M,-0.01%,Negative
02/22/2022,"11,302.49","11,501.92","11,503.83","11,256.95",103.05M,-1.73%,Negative
02/21/2022,"11,501.92","11,371.21","11,506.82","11,370.47",70.79M,1.15%,Positive
02/20/2022,"11,371.21","11,535.02","11,535.37","11,370.98",68.05M,-1.42%,Negative
02/17/2022,"11,535.02","11,568.14","11,568.14","11,497.51",47.93M,-0.29%,Negative
02/16/2022,"11,568.14","11,563.38","11,627.44","11,523.64",76.43M,0.04%,Positive
02/15/2022,"11,563.38","11,403.34","11,563.38","11,402.38",105.83M,1.40%,Positive
02/14/2022,"11,403.34","11,438.12","11,438.12","11,320.24",64.32M,-0.30%,Negative
02/13/2022,"11,438.12","11,578.54","11,589.04","11,418.62",109.01M,-1.21%,Negative
02/10/2022,"11,578.54","11,596.29","11,615.84","11,548.99",88.63M,-0.15%,Negative
02/09/2022,"11,596.29","11,527.90","11,703.76","11,527.90",107.68M,0.59%,Positive
02/08/2022,"11,527.90","11,548.61","11,575.82","11,523.67",68.23M,-0.18%,Negative
02/07/2022,"11,548.61","11,689.55","11,708.02","11,524.04",96.26M,-1.21%,Negative
02/06/2022,"11,689.55","11,638.06","11,689.60","11,637.92",106.85M,0.44%,Positive
02/03/2022,"11,638.06","11,691.82","11,720.71","11,618.62",75.51M,-0.46%,Negative
02/02/2022,"11,691.82","11,603.33","11,691.82","11,603.33",102.08M,0.76%,Positive
02/01/2022,"11,603.33","11,490.45","11,603.33","11,490.45",77.75M,0.98%,Positive
01/31/2022,"11,490.45","11,457.46","11,513.70","11,420.47",59.63M,0.29%,Positive
01/30/2022,"11,457.46","11,499.85","11,516.01","11,457.46",33.17M,-0.37%,Negative
01/26/2022,"11,499.85","11,542.43","11,562.02","11,496.68",51.11M,-0.37%,Negative
01/25/2022,"11,542.43","11,616.13","11,624.50","11,516.91",52.85M,-0.63%,Negative
01/24/2022,"11,616.13","11,655.72","11,671.21","11,608.89",66.41M,-0.34%,Negative
01/23/2022,"11,655.72","11,731.71","11,731.71","11,584.50",54.08M,-0.65%,Negative
01/20/2022,"11,731.71","11,715.01","11,731.71","11,665.91",66.37M,0.14%,Positive
01/19/2022,"11,715.01","11,876.44","11,882.29","11,693.60",67.15M,-1.36%,Negative
01/18/2022,"11,876.44","11,859.12","11,876.44","11,805.42",59.93M,0.15%,Positive
01/17/2022,"11,859.12","11,830.94","11,871.77","11,807.43",73.89M,0.24%,Positive
01/16/2022,"11,830.94","12,012.31","12,012.71","11,819.82",69.06M,-1.51%,Negative
01/13/2022,"12,012.31","12,060.00","12,063.94","11,978.76",76.23M,-0.40%,Negative
01/12/2022,"12,060.00","12,002.08","12,065.14","12,002.08",94.05M,0.48%,Positive
01/11/2022,"12,002.08","12,022.69","12,047.33","11,979.20",104.27M,-0.17%,Negative
01/10/2022,"12,022.69","11,978.56","12,040.63","11,978.56",85.33M,0.37%,Positive
01/09/2022,"11,978.56","12,043.42","12,044.78","11,958.61",59.66M,-0.54%,Negative
01/05/2022,"12,043.42","11,982.61","12,069.23","11,980.87",144.60M,0.51%,Positive
01/04/2022,"11,982.61","11,897.40","11,984.21","11,897.15",114.48M,0.72%,Positive
01/03/2022,"11,897.40","11,909.72","11,916.04","11,870.47",79.32M,-0.10%,Negative
01/02/2022,"11,909.72","11,949.18","12,017.57","11,908.09",69.38M,-0.33%,Negative
